2025-11-26T19:32:01.248845,127.0.0.1,simon
2025-11-26T19:37:09.199229,127.0.0.1,Simon Pavlin
2025-11-26T19:39:55.394199,127.0.0.1,Jeba
2025-11-26T19:40:13.668641,127.0.0.1,Simon
2025-11-26T19:42:57.712973,127.0.0.1,Simon
2025-11-26T19:44:57.253551,127.0.0.1,Simon
2025-11-26T19:45:21.088092,127.0.0.1,Simon 1
2025-11-26T19:45:45.691803,127.0.0.1,simon
2025-11-26T19:48:58.402213,127.0.0.1,Simon
2025-11-26T19:50:57.198796,127.0.0.1,simon
2025-11-27T06:08:59.627388,127.0.0.1,Iskra
2025-11-27T10:06:37.076703,127.0.0.1,Doma
2025-11-27T10:40:55.237542,127.0.0.1,Simon
2025-11-27T10:57:24.400079,127.0.0.1,Jeba
2025-11-27T11:26:21.713223,127.0.0.1,x
2025-11-27T12:57:33.985036,127.0.0.1,Simon Pavlin
2025-11-27T13:02:18.502042,127.0.0.1,Test
2025-11-27T13:10:28.114693,127.0.0.1,Simon
2025-11-27T13:22:46.464010,127.0.0.1,sss
2025-11-27T16:08:39.313868,127.0.0.1,simon
2025-11-27T16:20:23.256898,127.0.0.1,nginx
2025-11-27T16:25:25.793474,127.0.0.1,neeexus
2025-11-27T16:34:26.020452,127.0.0.1,pizdarija
2025-11-27T16:37:22.924000,127.0.0.1,budala angleška,en
2025-11-27T16:37:33.991020,127.0.0.1,i srbska,sr
2025-11-27T16:43:08.603261,193.77.85.172,zgornji štuk,sl
